month,year,predictions
1,2024,16.987804878048788
2,2024,44.548780487804876
3,2024,72.10975609756096
4,2024,99.67073170731706
5,2024,127.23170731707313
6,2024,154.79268292682923
